﻿Designator,Footprint,Quantity,Value,LCSC Part #
"C1, C2",0805,2,10nF,C83170
"C10, C11, C12, C13, C14, C15, C3, C4, C5, C6, C7, C8, C9",0805,13,100nF,C38141
"D1, D2, D3, D4, D5",D_SOD-123F,5,1N4148,C83528
"Q1, Q2",SOT-23,2,BC847,C475630
"R1, R3, R4, R6",0805,4,2.2k,C17520
"R2, R5",0805,2,100k,C149504
"R7, R8, R9",0805,3,10K,C17414
"RN1, RN2",R_Array_Convex_4x0612,2,10K,C840645
SW1,SW_SPDT_CK_JS102011SAQN,1,MODE,C221660
U1,TSSOP-14_4.4x5mm_P0.65mm,1,74ACT08,C238944
"U2, U4",SSOP-20_5.3x7.2mm_P0.65mm,2,74ACT373,C4989112
U3,TSSOP-16_4.4x5mm_P0.65mm,1,74ACT157,C3239134
U5,SOT-353_SC-70-5_Handsoldering,1,74AHC1G04,C148197
U6,SOIC-8_3.9x4.9mm_P1.27mm,1,NE555D,C41431778
