﻿pos_x,pos_y,rotation,side,designator,mpn,pack,footprint,value,mount_type
88.392,-108.6612,90.0,top,C1,,,C_0805_2012Metric_Pad1.18x1.45mm_HandSolder,10nF,smt
66.9544,-111.7092,0.0,top,C10,,,C_0805_2012Metric_Pad1.18x1.45mm_HandSolder,100nF,smt
66.9544,-114.5032,0.0,top,C11,,,C_0805_2012Metric_Pad1.18x1.45mm_HandSolder,100nF,smt
66.9544,-120.0912,0.0,top,C12,,,C_0805_2012Metric_Pad1.18x1.45mm_HandSolder,100nF,smt
79.7052,-129.6494,90.0,top,C13,,,C_0805_2012Metric_Pad1.18x1.45mm_HandSolder,100nF,smt
79.7052,-118.2624,90.0,top,C14,,,C_0805_2012Metric_Pad1.18x1.45mm_HandSolder,100nF,smt
79.7052,-122.1017,-90.0,top,C15,,,C_0805_2012Metric_Pad1.18x1.45mm_HandSolder,100nF,smt
88.392,-104.8942,-90.0,top,C2,,,C_0805_2012Metric_Pad1.18x1.45mm_HandSolder,10nF,smt
79.7052,-114.4524,-90.0,top,C3,,,C_0805_2012Metric_Pad1.18x1.45mm_HandSolder,100nF,smt
75.692,-120.9548,180.0,top,C4,,,C_0805_2012Metric_Pad1.18x1.45mm_HandSolder,100nF,smt
75.5435,-112.6744,180.0,top,C5,,,C_0805_2012Metric_Pad1.18x1.45mm_HandSolder,100nF,smt
79.7052,-125.8609,-90.0,top,C6,,,C_0805_2012Metric_Pad1.18x1.45mm_HandSolder,100nF,smt
84.9884,-102.0787,0.0,top,C7,,,C_0805_2012Metric_Pad1.18x1.45mm_HandSolder,100nF,smt
91.694,-127.0,-90.0,top,C8,,,C_0805_2012Metric_Pad1.18x1.45mm_HandSolder,100nF,smt
89.662,-127.0,-90.0,top,C9,,,C_0805_2012Metric_Pad1.18x1.45mm_HandSolder,100nF,smt
62.738,-120.0912,180.0,top,D1,,,D_SOD-123F,1N4148,smt
62.738,-111.7092,180.0,top,D2,,,D_SOD-123F,1N4148,smt
62.738,-114.5032,180.0,top,D3,,,D_SOD-123F,1N4148,smt
62.738,-117.2972,180.0,top,D4,,,D_SOD-123F,1N4148,smt
62.738,-122.8852,180.0,top,D5,,,D_SOD-123F,1N4148,smt
56.8265,-116.332,-90.0,top,J1,,,DSUB-9_Female_EdgeMount_P2.77mm,DB9_F_TO_C64,smt
95.5315,-116.332,90.0,top,J2,,,DSUB-9_Male_EdgeMount_P2.77mm,DB9_M_TO_PAD,smt
62.7888,-102.7176,90.0,top,JP1,,,PinHeader_1x03_P2.54mm_Vertical,Amiga/C64 SEL1,tht
71.4756,-102.7176,90.0,top,JP2,,,PinHeader_1x03_P2.54mm_Vertical,Amiga/C64 SEL2,tht
61.6321,-108.498,0.0,top,Q1,,,SOT-23,BC847,smt
70.4788,-108.519,0.0,top,Q2,,,SOT-23,BC847,smt
64.6016,-108.458,-90.0,top,R1,,,R_0805_2012Metric_Pad1.20x1.40mm_HandSolder,2.2k,smt
66.5828,-108.458,-90.0,top,R2,,,R_0805_2012Metric_Pad1.20x1.40mm_HandSolder,100k,smt
61.5696,-105.7656,180.0,top,R3,,,R_0805_2012Metric_Pad1.20x1.40mm_HandSolder,2.2k,smt
73.406,-108.5088,-90.0,top,R4,,,R_0805_2012Metric_Pad1.20x1.40mm_HandSolder,2.2k,smt
75.3872,-108.5088,-90.0,top,R5,,,R_0805_2012Metric_Pad1.20x1.40mm_HandSolder,100k,smt
70.4088,-105.7656,180.0,top,R6,,,R_0805_2012Metric_Pad1.20x1.40mm_HandSolder,2.2k,smt
81.026,-108.6827,-90.0,top,R7,,,R_0805_2012Metric_Pad1.20x1.40mm_HandSolder,10K,smt
81.026,-105.0599,-90.0,top,R8,,,R_0805_2012Metric_Pad1.20x1.40mm_HandSolder,10K,smt
62.976,-125.1712,180.0,top,R9,,,R_0805_2012Metric_Pad1.20x1.40mm_HandSolder,10K,smt
90.359,-122.682,180.0,top,RN1,,,R_Array_Convex_4x0612,10K,smt
91.248,-107.315,0.0,top,RN2,,,R_Array_Convex_4x0612,10K,smt
65.786,-130.81,0.0,top,SW1,,,SW_SPDT_CK_JS102011SAQN,MODE,smt
73.7616,-124.8,0.0,top,U1,,,TSSOP-14_4.4x5mm_P0.65mm,74ACT08,smt
84.582,-126.8261,90.0,top,U2,,,SSOP-20_5.3x7.2mm_P0.65mm,74ACT373,smt
73.5761,-116.459,0.0,top,U3,,,TSSOP-16_4.4x5mm_P0.65mm,74ACT157,smt
84.608,-116.4427,90.0,top,U4,,,SSOP-20_5.3x7.2mm_P0.65mm,74ACT373,smt
91.074,-116.78,-90.0,top,U5,,,SOT-353_SC-70-5_Handsoldering,74AHC1G04,smt
84.709,-106.8408,90.0,top,U6,,,SOIC-8_3.9x4.9mm_P1.27mm,NE555D,smt
