﻿Designator,Quantity,Value,Footprint,Package,MPN,DNP,Mount_Type,Description,Mouser
"C1, C2",2,10nF,C_0805_2012Metric_Pad1.18x1.45mm_HandSolder,0805,10nF / 16+V,,smt,,
"C10, C11, C12, C13, C14, C15, C3, C4, C5, C6, C7, C8, C9",13,100nF,C_0805_2012Metric_Pad1.18x1.45mm_HandSolder,0805,100nF / 16+V,,smt,,
"D1, D2, D3, D4, D5",5,1N4148,D_SOD-123F,SOD-123F,,,smt,,
J1,1,DB9_F_TO_C64,DSUB-9_Female_EdgeMount_P2.77mm,,,Y,smt,DO NOT POPULATE,
J2,1,DB9_M_TO_PAD,DSUB-9_Male_EdgeMount_P2.77mm,,,Y,smt,DO NOT POPULATE,
"Q1, Q2",2,BC847,SOT-23,SOT-23,BC847,,smt,"0.1A Ic, 45V Vce, NPN Transistor, SOT-23",
"R1, R3, R4, R6",4,2.2k,R_0805_2012Metric_Pad1.20x1.40mm_HandSolder,0805,,,smt,,
"R2, R5",2,100k,R_0805_2012Metric_Pad1.20x1.40mm_HandSolder,0805,,,smt,,
"R7, R8, R9",3,10K,R_0805_2012Metric_Pad1.20x1.40mm_HandSolder,0805,,,smt,,
"RN1, RN2",2,10K,R_Array_Convex_4x0612,1206,,,smt,"4 resistor network, parallel topology",
SW1,1,MODE,SW_SPDT_CK_JS102011SAQN,,C&K JS102011SAQN,,smt,,
U1,1,74ACT08,TSSOP-14_4.4x5mm_P0.65mm,TSSOP-14,74ACT08,,smt,,
"U2, U4",2,74ACT373,SSOP-20_5.3x7.2mm_P0.65mm,SSOP-20,74ACT373,,smt,,https://www.mouser.it/ProductDetail/Texas-Instruments/SN74ACT373DBR?qs=LzFo6vGRJ4vFruYGxUMnqw%3D%3D
U3,1,74ACT157,TSSOP-16_4.4x5mm_P0.65mm,TSSOP-16,74ACT157,,smt,,
U5,1,74AHC1G04,SOT-353_SC-70-5_Handsoldering,SOT-353 SC-70-5,74AHC1G04,,smt,,
U6,1,NE555D,SOIC-8_3.9x4.9mm_P1.27mm,SOIC-8,LM555,,smt,,
